{"epoch": 0, "train_acc": 0.0, "train_loss": 3.075057315826416, "val_acc": 0.0, "val_loss": 17.528512318929035, "_timestamp": 1681023768.5237603, "_runtime": 50.13963222503662, "_step": 0}