{"epoch": 0, "train_acc": 0.0, "train_loss": 34.53932422399521, "val_acc": 0.0, "val_loss": 517417.34375, "_timestamp": 1681023577.0830715, "_runtime": 132.92353057861328, "_step": 0}